--done on Live SQL

CREATE TABLE Usertable3 (
  userID int PRIMARY KEY,
  username varchar(255),
  email varchar(255),
  address varchar(255),
  age int
);
INSERT INTO Usertable3(userID,username,email,address,age) VALUES (1,'Drew Gray','kevinward@example.com','13189 Thomas Camp
Floresshire, NY 37124',12);
INSERT INTO Usertable3(userID,username,email,address,age) VALUES (2,'Jessica Durham','sstevenson@example.net','957 Bonnie Drive Apt. 722
Alfredmouth, TN 61260',73);
INSERT INTO Usertable3(userID,username,email,address,age) VALUES (3,'Andre Pugh','lindahall@example.com','799 Nelson Crossing
Sarahburgh, SC 88737',44);
INSERT INTO Usertable3(userID,username,email,address,age) VALUES (4,'David Harmon','pchavez@example.org','1826 Pratt Garden Suite 111
Lake James, WI 41033',86);
INSERT INTO Usertable3(userID,username,email,address,age) VALUES (5,'Nicholas Eaton','robertshepard@example.org','197 Elizabeth Forest
Hallburgh, DE 82694',30);
INSERT INTO Usertable3(userID,username,email,address,age) VALUES (6,'Justin Hernandez','caleb14@example.org','2854 Susan Mount
Lake Tylerland, MI 48040',55);
INSERT INTO Usertable3(userID,username,email,address,age) VALUES (7,'Kristin Lee','wbrown@example.com','4103 Barbara Ways Apt. 993
Watkinsbury, TN 71346',17);
INSERT INTO Usertable3(userID,username,email,address,age) VALUES (8,'Susan Powell','allenscott@example.com','PSC 7778, Box 5335
APO AE 90065',88);
INSERT INTO Usertable3(userID,username,email,address,age) VALUES (9,'Troy Gregory','ubuchanan@example.org','99327 Thomas Turnpike Apt. 557
Ronaldhaven, OH 26936',43);
INSERT INTO Usertable3(userID,username,email,address,age) VALUES (10,'Katherine Joseph','ujenkins@example.com','064 Miller Pines Apt. 063
Belindashire, MO 51388',88);
INSERT INTO Usertable3(userID,username,email,address,age) VALUES (11,'Patricia Henry','barnesanthony@example.net','5294 Katelyn Lock Apt. 050
Jasonchester, DC 35821',20);
INSERT INTO Usertable3(userID,username,email,address,age) VALUES (12,'Bruce Douglas','kmarshall@example.net','91775 Ballard Radial
Allenborough, IA 85892',19);
INSERT INTO Usertable3(userID,username,email,address,age) VALUES (13,'Shannon Bennett','deniseparker@example.net','USCGC Johnson
FPO AA 08401',94);
INSERT INTO Usertable3(userID,username,email,address,age) VALUES (14,'Michael Brown','maria17@example.com','787 Deleon Isle Apt. 212
North Davidstad, KS 91478',25);
INSERT INTO Usertable3(userID,username,email,address,age) VALUES (15,'Alexandra Kirk','dfoster@example.com','2001 Mark Unions Suite 161
Thomastown, WY 52942',23);
INSERT INTO Usertable3(userID,username,email,address,age) VALUES (16,'Lucas Gallagher Jr.','blakewright@example.net','022 Ashley Avenue
Derrickland, DE 72529',31);
INSERT INTO Usertable3(userID,username,email,address,age) VALUES (17,'Mrs. Amber Zuniga DDS','abigailarcher@example.net','802 Pierce Ville Suite 928
South Tyler, PW 78736',35);
INSERT INTO Usertable3(userID,username,email,address,age) VALUES (18,'Erica Hoffman','hmorgan@example.com','433 Peterson Center
New Zachary, SC 60762',32);
INSERT INTO Usertable3(userID,username,email,address,age) VALUES (19,'Christopher Reese','crystalgonzalez@example.net','043 Cynthia Run Apt. 039
North Christopher, WV 34599',67);
INSERT INTO Usertable3(userID,username,email,address,age) VALUES (20,'Gregory Walters','wardholly@example.net','4977 Carl Crest
Lauraborough, AR 37868',60);
INSERT INTO Usertable3(userID,username,email,address,age) VALUES (21,'David Evans','sotofrederick@example.com','Unit 9547 Box 3080
DPO AE 42202',93);
INSERT INTO Usertable3(userID,username,email,address,age) VALUES (22,'David Herrera','toddmiller@example.net','1302 Beard Walks Apt. 945
Camposland, TN 79601',45);
INSERT INTO Usertable3(userID,username,email,address,age) VALUES (23,'Kathryn Foster','julie30@example.com','022 David Square Suite 165
Kimberlymouth, LA 02812',97);
INSERT INTO Usertable3(userID,username,email,address,age) VALUES (24,'Kelli Jones','ruizjonathan@example.org','969 Philip Land Apt. 956
Wallsland, OK 68641',99);
INSERT INTO Usertable3(userID,username,email,address,age) VALUES (25,'Jonathan Haas','vreyes@example.net','86581 Mooney Ports
Cabrerabury, AK 89407',51);
INSERT INTO Usertable3(userID,username,email,address,age) VALUES (26,'Craig West','anthonywhite@example.org','050 Arroyo Square Suite 537
South Andrewborough, WV 67043',15);
INSERT INTO Usertable3(userID,username,email,address,age) VALUES (27,'Kristina Roth','vbaker@example.org','517 Christopher Lakes
Shanehaven, MS 65237',96);
INSERT INTO Usertable3(userID,username,email,address,age) VALUES (28,'Timothy Lindsey','knightjoseph@example.net','69139 Miranda Prairie
West Erikamouth, IL 27657',35);
INSERT INTO Usertable3(userID,username,email,address,age) VALUES (29,'Jordan Jackson','kevin69@example.net','011 Carlson Keys Apt. 390
Buckleyville, FM 78127',10);
INSERT INTO Usertable3(userID,username,email,address,age) VALUES (30,'Stephanie Warner','penny44@example.org','675 Hurst Pine
East Anthony, NJ 86900',54);
INSERT INTO Usertable3(userID,username,email,address,age) VALUES (31,'Jeremy Martinez','andrewgarcia@example.com','765 Elizabeth Mountain
North William, CT 77824',21);
INSERT INTO Usertable3(userID,username,email,address,age) VALUES (32,'Lynn Phillips','pfranco@example.net','42374 Rachel Knolls Suite 678
East Richardborough, PA 97757',46);
INSERT INTO Usertable3(userID,username,email,address,age) VALUES (33,'Joshua Hess','kylemorris@example.com','6036 Hamilton Terrace
Nortonchester, FM 70741',42);
INSERT INTO Usertable3(userID,username,email,address,age) VALUES (34,'Sarah Gray','sabrinachang@example.org','2952 Mackenzie Key Apt. 575
Rachelburgh, DC 64243',93);
INSERT INTO Usertable3(userID,username,email,address,age) VALUES (35,'Olivia White','gromero@example.com','34501 Saunders Isle
Mackenziefurt, NM 14187',19);
INSERT INTO Usertable3(userID,username,email,address,age) VALUES (36,'Todd Hicks','pjacobs@example.org','266 Curry Land Apt. 030
Jeffreyview, NH 41159',39);
INSERT INTO Usertable3(userID,username,email,address,age) VALUES (37,'Louis Phillips','mcdanielbrandon@example.net','25534 Gonzalez Rapids Suite 549
Stephanietown, MN 13629',93);
INSERT INTO Usertable3(userID,username,email,address,age) VALUES (38,'Stephen Montgomery','lisameyers@example.net','637 Collins Crescent Apt. 026
Port Amyburgh, MS 42622',90);
INSERT INTO Usertable3(userID,username,email,address,age) VALUES (39,'Matthew Patterson','erindavid@example.com','2798 Gregory Estates
East Brooke, AS 06318',91);
INSERT INTO Usertable3(userID,username,email,address,age) VALUES (40,'Martin Bird','jennifer72@example.com','910 Bridget Place
Tammyborough, ND 38579',16);
INSERT INTO Usertable3(userID,username,email,address,age) VALUES (41,'Thomas Hicks','rebeccabell@example.org','Unit 3229 Box 3634
DPO AE 10756',97);
INSERT INTO Usertable3(userID,username,email,address,age) VALUES (42,'Joe Hatfield','stephen51@example.org','59354 Courtney Pass
Taramouth, NH 83534',82);
INSERT INTO Usertable3(userID,username,email,address,age) VALUES (43,'Shannon Alvarez','williamsbarbara@example.org','USNV Winters
FPO AE 82108',40);
INSERT INTO Usertable3(userID,username,email,address,age) VALUES (44,'Daniel Green','rowematthew@example.com','27072 Morales Villages Suite 668
Lake Seanville, MT 87074',64);
INSERT INTO Usertable3(userID,username,email,address,age) VALUES (45,'Rachel Bryant','zroberts@example.com','4647 Pam Harbor
Brookehaven, CO 89906',30);
INSERT INTO Usertable3(userID,username,email,address,age) VALUES (46,'Nicole Boone','hjohnson@example.net','8235 Rachel Mills Suite 981
Nicholaston, ME 10622',96);
INSERT INTO Usertable3(userID,username,email,address,age) VALUES (47,'Christopher Ellis','morandominique@example.org','545 John Forge
Port Kristenside, AS 50556',78);
INSERT INTO Usertable3(userID,username,email,address,age) VALUES (48,'Harry Jones','owhite@example.org','8228 Adam Ville
Wagnerville, SC 22419',77);
INSERT INTO Usertable3(userID,username,email,address,age) VALUES (49,'Michael Jones','sarahcarlson@example.org','82458 Potter Well Apt. 132
North Ronaldfurt, PR 45487',13);
INSERT INTO Usertable3(userID,username,email,address,age) VALUES (50,'Amanda Vaughan','mariewilliams@example.org','8239 Mcdaniel Creek Apt. 318
Millerfurt, OR 43176',26);
INSERT INTO Usertable3(userID,username,email,address,age) VALUES (51,'Steven Hart','kimberly14@example.com','638 Tanya Crest Suite 056
South Tiffanyside, NJ 07416',48);
INSERT INTO Usertable3(userID,username,email,address,age) VALUES (52,'Melanie Cameron','philiplane@example.org','6762 Brad Land Suite 407
New Melissa, OR 64939',15);
INSERT INTO Usertable3(userID,username,email,address,age) VALUES (53,'Jessica Schmidt','wwilliams@example.com','8094 Owen Square
Nicolehaven, MA 41409',37);
INSERT INTO Usertable3(userID,username,email,address,age) VALUES (54,'Tammy Kaufman','fweber@example.net','274 Amanda Bridge
Robertview, HI 82698',16);
INSERT INTO Usertable3(userID,username,email,address,age) VALUES (55,'Courtney Lamb','brennanandrew@example.com','663 White Motorway
Stevensberg, VT 50689',64);
INSERT INTO Usertable3(userID,username,email,address,age) VALUES (56,'Tracy White','markwright@example.org','5414 Gonzalez Flat
Stephanieside, FL 08415',18);
INSERT INTO Usertable3(userID,username,email,address,age) VALUES (57,'Andrea Hardy','sshort@example.com','270 Christopher Turnpike
Hollandberg, NC 15567',87);
INSERT INTO Usertable3(userID,username,email,address,age) VALUES (58,'Matthew Smith','bakermichael@example.org','560 Jackson Pike Apt. 099
East Margaretmouth, VI 40608',13);
INSERT INTO Usertable3(userID,username,email,address,age) VALUES (59,'James Turner','andrewchavez@example.org','USCGC Skinner
FPO AE 96375',77);
INSERT INTO Usertable3(userID,username,email,address,age) VALUES (60,'Michael Sutton','levinejames@example.net','224 Butler Street
Watsonside, DC 10632',77);
INSERT INTO Usertable3(userID,username,email,address,age) VALUES (61,'Sean Jones','michaelamelton@example.net','769 Gill Springs Suite 553
Lake Troyview, WY 21935',70);
INSERT INTO Usertable3(userID,username,email,address,age) VALUES (62,'Christopher Butler','christopherwilliams@example.com','727 Brian Gardens
Johnton, AS 33687',29);
INSERT INTO Usertable3(userID,username,email,address,age) VALUES (63,'Natalie Simpson','karenlee@example.com','26546 Jonathan Estate Apt. 250
Port Lawrence, SD 87671',57);
INSERT INTO Usertable3(userID,username,email,address,age) VALUES (64,'Brandi Hall','martinezelizabeth@example.org','6113 Johnson Mission Apt. 506
Lake Raymond, VI 85779',72);
INSERT INTO Usertable3(userID,username,email,address,age) VALUES (65,'Caitlin Mckay','kgreer@example.net','689 Grimes Well
Perezside, UT 44568',62);
INSERT INTO Usertable3(userID,username,email,address,age) VALUES (66,'Charlotte Kirby','edwardmunoz@example.org','Unit 9485 Box 7232
DPO AP 07135',15);
INSERT INTO Usertable3(userID,username,email,address,age) VALUES (67,'Timothy Michael','seanbradshaw@example.com','4958 Thompson Wells Suite 570
Leahland, ID 29243',13);
INSERT INTO Usertable3(userID,username,email,address,age) VALUES (68,'Diane Martin','bvincent@example.net','002 Foster Ford
Leehaven, NC 99453',88);
INSERT INTO Usertable3(userID,username,email,address,age) VALUES (69,'Karen Kaufman','bobby62@example.net','78067 York Mills
Lake Lawrence, HI 74812',64);
INSERT INTO Usertable3(userID,username,email,address,age) VALUES (70,'Jeremy Moore','angelascott@example.com','PSC 0130, Box 6699
APO AE 49114',11);
INSERT INTO Usertable3(userID,username,email,address,age) VALUES (71,'Lori Kelly','andersonsheila@example.org','448 Madison Ferry Suite 799
Port Zacharychester, UT 09643',65);
INSERT INTO Usertable3(userID,username,email,address,age) VALUES (72,'Denise Wilson MD','jenniferharrison@example.com','19781 Steven Roads Suite 767
Marieburgh, OR 64514',64);
INSERT INTO Usertable3(userID,username,email,address,age) VALUES (73,'Emma Rowe','beckervernon@example.net','535 Brandon Extensions Suite 776
West Elizabeth, WI 33794',87);
INSERT INTO Usertable3(userID,username,email,address,age) VALUES (74,'Mark Jordan','fletcherfrank@example.org','23592 Faulkner Mission
East Courtneyville, WI 29798',24);
INSERT INTO Usertable3(userID,username,email,address,age) VALUES (75,'Kevin Jones','amber53@example.com','469 Ana Passage
Hannahberg, NJ 29353',66);
INSERT INTO Usertable3(userID,username,email,address,age) VALUES (76,'Katie Pena','hcampbell@example.com','75581 Lisa Circle
Lake Cynthiaton, IL 94234',97);
INSERT INTO Usertable3(userID,username,email,address,age) VALUES (77,'Ronald Gonzales','stephensonray@example.com','341 Brittany Locks Apt. 035
Collierhaven, VT 87276',69);
INSERT INTO Usertable3(userID,username,email,address,age) VALUES (78,'Elizabeth Vasquez','djennings@example.com','404 Toni Cliffs
East Robertport, MN 19784',52);
INSERT INTO Usertable3(userID,username,email,address,age) VALUES (79,'Jacob Wright','david11@example.org','078 Nathan Meadows
North Michelleport, WA 29649',67);
INSERT INTO Usertable3(userID,username,email,address,age) VALUES (80,'Jake Olson','austinchad@example.com','865 David Court
South Tiffanybury, ND 89083',26);
INSERT INTO Usertable3(userID,username,email,address,age) VALUES (81,'Robert Lopez','mileskaren@example.net','88219 Michael Centers
Mercerberg, VT 06917',26);
INSERT INTO Usertable3(userID,username,email,address,age) VALUES (82,'Mrs. Savannah Palmer DDS','lwilliams@example.com','54063 Garcia Glens Apt. 975
Williamsshire, NH 45243',55);
INSERT INTO Usertable3(userID,username,email,address,age) VALUES (83,'Kimberly James','rojasmorgan@example.org','285 Amanda Plains
West Erinside, MO 76325',76);
INSERT INTO Usertable3(userID,username,email,address,age) VALUES (84,'Mrs. Gabrielle Harrison','cynthiabenson@example.org','764 Mills Forge Apt. 900
Robertville, KY 75134',69);
INSERT INTO Usertable3(userID,username,email,address,age) VALUES (85,'Brett Robinson','rdavidson@example.com','099 Mary Ridges Suite 781
South Eric, IN 58344',46);
INSERT INTO Usertable3(userID,username,email,address,age) VALUES (86,'Elizabeth Cook','ywalsh@example.org','76570 Rachel Curve
Crystalmouth, MD 66959',63);
INSERT INTO Usertable3(userID,username,email,address,age) VALUES (87,'Jonathan Ward','robertscatherine@example.org','7678 Patrick Mountains Suite 731
Jaredhaven, MA 76320',61);
INSERT INTO Usertable3(userID,username,email,address,age) VALUES (88,'Patricia Anderson','shaun66@example.com','30569 King Valleys
North Brian, WA 33649',74);
INSERT INTO Usertable3(userID,username,email,address,age) VALUES (89,'Stephen Thornton','richardsonjoseph@example.org','8770 Moreno Vista Suite 127
Floresshire, GA 45438',95);
INSERT INTO Usertable3(userID,username,email,address,age) VALUES (90,'Melinda Guerra','sfoster@example.com','977 Berry Run
Gloverland, AR 40078',88);
INSERT INTO Usertable3(userID,username,email,address,age) VALUES (91,'Timothy Jimenez','brent95@example.com','PSC 0597, Box 0085
APO AP 97942',98);
INSERT INTO Usertable3(userID,username,email,address,age) VALUES (92,'Mr. Christopher Torres','derrick86@example.com','34923 Oconnor Street
East Kathleenchester, MI 46021',16);
INSERT INTO Usertable3(userID,username,email,address,age) VALUES (93,'Sara Pennington','louisbrewer@example.org','892 Cross Grove
Port Christopherhaven, HI 43058',100);
INSERT INTO Usertable3(userID,username,email,address,age) VALUES (94,'Robert White','michael98@example.net','7213 Adams Dale Suite 908
Matthewbury, IN 83973',39);
INSERT INTO Usertable3(userID,username,email,address,age) VALUES (95,'William Gutierrez','douglas77@example.net','7088 Elizabeth Knolls
Sullivanborough, PA 07487',98);
INSERT INTO Usertable3(userID,username,email,address,age) VALUES (96,'Rebekah Steele','xmendoza@example.net','9562 Tiffany Loaf
Bruceton, MO 52518',61);
INSERT INTO Usertable3(userID,username,email,address,age) VALUES (97,'Jenny Simmons','diazjessica@example.org','8865 Johnson Heights
East Dawn, PA 75001',100);
INSERT INTO Usertable3(userID,username,email,address,age) VALUES (98,'Rebekah Shaw','stevenmolina@example.org','974 Brown Crossroad Suite 785
West Jeffery, VT 48856',20);
INSERT INTO Usertable3(userID,username,email,address,age) VALUES (99,'Nathan Owens','tfernandez@example.org','386 Hudson Ways
Jonathanmouth, SD 70425',98);
INSERT INTO Usertable3(userID,username,email,address,age) VALUES (100,'Erin Silva','kristy56@example.net','456 Sandra Stravenue Apt. 615
East Cindy, HI 00859',40);
INSERT INTO Usertable3(userID,username,email,address,age) VALUES (101,'Charles Davis','mallorymoore@example.com','911 James Inlet
New Ronaldberg, KS 56859',87);
INSERT INTO Usertable3(userID,username,email,address,age) VALUES (102,'Paige Young DVM','rphillips@example.org','57048 Harrell Junctions Apt. 797
West Destiny, VI 28460',40);
INSERT INTO Usertable3(userID,username,email,address,age) VALUES (103,'Karen Pena','heather05@example.net','89763 Blackwell Stravenue Apt. 114
Amberbury, IN 36916',11);
INSERT INTO Usertable3(userID,username,email,address,age) VALUES (104,'Michael Liu','brian47@example.net','13520 Kelly Drive Apt. 122
Lake Victor, NH 27367',15);
INSERT INTO Usertable3(userID,username,email,address,age) VALUES (105,'Kathryn Morales','alexander15@example.net','Unit 0598 Box 9748
DPO AE 48485',61);
INSERT INTO Usertable3(userID,username,email,address,age) VALUES (106,'Carol Morales','clong@example.org','PSC 9232, Box 7115
APO AP 05790',44);
INSERT INTO Usertable3(userID,username,email,address,age) VALUES (107,'Erik Andersen','latoyarobinson@example.com','554 Spears Views Suite 891
Caseymouth, SD 39886',87);
INSERT INTO Usertable3(userID,username,email,address,age) VALUES (108,'Zoe Hopkins','reevesricardo@example.net','758 Smith Corner
Mendozaburgh, LA 67619',89);
INSERT INTO Usertable3(userID,username,email,address,age) VALUES (109,'Jack Blevins','brownkatie@example.com','7344 Payne Avenue
Port Kelliehaven, GU 01471',17);
INSERT INTO Usertable3(userID,username,email,address,age) VALUES (110,'Allison Villegas','amanda37@example.net','24276 Robinson Parks
Shorthaven, MO 80304',16);
INSERT INTO Usertable3(userID,username,email,address,age) VALUES (111,'Dominique Aguilar','sanderson@example.com','75212 Bobby Road
Veronicaview, IL 60028',19);
INSERT INTO Usertable3(userID,username,email,address,age) VALUES (112,'Sarah Brown','richardsoncharles@example.org','65768 Glover Mall
Smithville, SD 64222',70);
INSERT INTO Usertable3(userID,username,email,address,age) VALUES (113,'Donald Richardson','frederickmcneil@example.com','31733 Meyer Streets Apt. 337
Deantown, CO 36883',69);
INSERT INTO Usertable3(userID,username,email,address,age) VALUES (114,'Gerald Bishop','jessicaibarra@example.net','PSC 5732, Box 8999
APO AE 38334',56);
INSERT INTO Usertable3(userID,username,email,address,age) VALUES (115,'Michael Brandt','rachel05@example.org','507 Lee Courts Suite 303
South Valerieport, OK 19199',36);
INSERT INTO Usertable3(userID,username,email,address,age) VALUES (116,'James Lowe','aprilroberts@example.net','292 Charles Landing
North Danielfort, MD 43369',62);
INSERT INTO Usertable3(userID,username,email,address,age) VALUES (117,'Nichole Morrow','james25@example.org','33190 Linda Corners
Hessport, SC 07754',32);
INSERT INTO Usertable3(userID,username,email,address,age) VALUES (118,'Tricia Farley','paul39@example.net','7635 Smith Park Suite 808
South Kevin, FM 67812',33);
INSERT INTO Usertable3(userID,username,email,address,age) VALUES (119,'Jennifer Stafford','jordancole@example.com','19224 James Terrace Apt. 847
Velazquezmouth, VT 16594',23);
INSERT INTO Usertable3(userID,username,email,address,age) VALUES (120,'Frank Hernandez','justin55@example.org','899 Bridges Meadow
Clinemouth, HI 82347',67);
INSERT INTO Usertable3(userID,username,email,address,age) VALUES (121,'Jennifer Miller','penningtonryan@example.com','4309 Mary Island Apt. 068
New Ashley, FL 55927',31);
INSERT INTO Usertable3(userID,username,email,address,age) VALUES (122,'Monica Russell','samantha62@example.org','Unit 2891 Box 1107
DPO AA 87840',50);
INSERT INTO Usertable3(userID,username,email,address,age) VALUES (123,'James Perez','dustin30@example.org','4998 Ashley Ports
Goldentown, AK 85361',55);
INSERT INTO Usertable3(userID,username,email,address,age) VALUES (124,'James Escobar','gouldjamie@example.net','646 James Oval
North Courtney, IL 33585',50);
INSERT INTO Usertable3(userID,username,email,address,age) VALUES (125,'Vincent Wise','xobrien@example.org','4226 Jamie Crossing
Michellehaven, IL 82843',10);
INSERT INTO Usertable3(userID,username,email,address,age) VALUES (126,'Michelle Miranda','teresa73@example.net','89352 Gray Mountain
Port Gabriel, MD 49292',60);
INSERT INTO Usertable3(userID,username,email,address,age) VALUES (127,'Sydney Haynes','joshua57@example.com','5184 Juan Divide Apt. 208
West Conniemouth, MD 39940',89);
INSERT INTO Usertable3(userID,username,email,address,age) VALUES (128,'Benjamin Lane','dannyguzman@example.com','97688 Chris Ford Apt. 515
North Diamondview, WY 54799',54);
INSERT INTO Usertable3(userID,username,email,address,age) VALUES (129,'Joshua Kim','eanderson@example.com','716 Joseph Centers Suite 026
Port Susan, NY 81256',74);
INSERT INTO Usertable3(userID,username,email,address,age) VALUES (130,'Brenda Fox','stricklandpatrick@example.com','Unit 4169 Box 6580
DPO AE 01987',23);
INSERT INTO Usertable3(userID,username,email,address,age) VALUES (131,'Ashley Oliver','anita93@example.com','308 Robinson Mills
New Nicole, GU 03355',52);
INSERT INTO Usertable3(userID,username,email,address,age) VALUES (132,'William Dixon','karenjohnson@example.org','331 Daniel Ville Apt. 621
West Vanessaview, NY 43600',52);
INSERT INTO Usertable3(userID,username,email,address,age) VALUES (133,'Elizabeth Smith','theresa21@example.org','371 Brendan Turnpike
South Bruce, MD 84735',97);
INSERT INTO Usertable3(userID,username,email,address,age) VALUES (134,'Kevin Case','denise84@example.net','6327 Silva Forges Apt. 213
Hudsonton, MO 15213',48);
INSERT INTO Usertable3(userID,username,email,address,age) VALUES (135,'Matthew Caldwell','pgolden@example.org','3426 Susan Mall Suite 136
New Sharonberg, OK 12972',32);
INSERT INTO Usertable3(userID,username,email,address,age) VALUES (136,'Amy Cook','cynthiawalsh@example.net','2324 Long Village Suite 481
Mendozatown, MD 59092',57);
INSERT INTO Usertable3(userID,username,email,address,age) VALUES (137,'William Price','rosehoffman@example.org','81224 Jamie Walks Apt. 868
West Philip, AL 48757',50);
INSERT INTO Usertable3(userID,username,email,address,age) VALUES (138,'Elizabeth Humphrey','steventaylor@example.net','49719 Riley Mission Suite 775
New Christopher, VT 14380',95);
INSERT INTO Usertable3(userID,username,email,address,age) VALUES (139,'Steven Rowe','odonnellmatthew@example.org','USS Hopkins
FPO AA 91919',52);
INSERT INTO Usertable3(userID,username,email,address,age) VALUES (140,'Miguel Graham','blackrick@example.net','4528 Barton Tunnel
Lake Tiffanyhaven, ID 25225',16);
INSERT INTO Usertable3(userID,username,email,address,age) VALUES (141,'Matthew Bolton','stephaniehill@example.net','440 Patrick Mews Suite 131
Griffinchester, MH 89749',11);
INSERT INTO Usertable3(userID,username,email,address,age) VALUES (142,'Patrick Joseph','milesteresa@example.net','8645 Mary Burgs
Boothport, CT 30473',26);
INSERT INTO Usertable3(userID,username,email,address,age) VALUES (143,'Andrea Reyes','bestashley@example.net','0856 Ramsey Prairie
Suttonburgh, RI 37884',76);
INSERT INTO Usertable3(userID,username,email,address,age) VALUES (144,'Douglas Maldonado','mark00@example.net','9597 Jesse Plaza
New Elizabethfort, SD 31815',82);
INSERT INTO Usertable3(userID,username,email,address,age) VALUES (145,'Michael Middleton','dallen@example.net','69961 Maxwell Throughway Suite 564
North Erik, DE 60595',75);
INSERT INTO Usertable3(userID,username,email,address,age) VALUES (146,'John Simpson','ojohnson@example.com','10110 Gonzales Rue
East Ana, NV 30528',59);
INSERT INTO Usertable3(userID,username,email,address,age) VALUES (147,'Randy Wright','wilkinsrickey@example.org','23239 Keith Club Suite 554
Bellville, AS 70829',65);
INSERT INTO Usertable3(userID,username,email,address,age) VALUES (148,'Connor Thompson','ameyer@example.org','29778 Michelle Land Suite 645
Amandaton, WI 87489',32);
INSERT INTO Usertable3(userID,username,email,address,age) VALUES (149,'Douglas Horton','pjones@example.net','525 Pacheco Drives
Danielleburgh, SC 26784',30);
INSERT INTO Usertable3(userID,username,email,address,age) VALUES (150,'Anthony Reynolds','alexander69@example.net','50908 Hartman Ramp
New Nicholasville, NV 84798',49);
INSERT INTO Usertable3(userID,username,email,address,age) VALUES (151,'Albert Elliott','russellisabel@example.net','081 Adrian Village
Lake Robertchester, NM 18096',28);
INSERT INTO Usertable3(userID,username,email,address,age) VALUES (152,'Veronica Martinez','smithkatherine@example.net','0620 Lori Drives Apt. 922
Angelahaven, ME 45228',50);
INSERT INTO Usertable3(userID,username,email,address,age) VALUES (153,'Lauren Sims','tammie26@example.net','55713 Huffman Valley Suite 173
Ryanberg, VT 64290',84);
INSERT INTO Usertable3(userID,username,email,address,age) VALUES (154,'Johnny Ramirez','kariadams@example.org','111 Allen Gateway Apt. 483
Phelpstown, PA 50207',41);
INSERT INTO Usertable3(userID,username,email,address,age) VALUES (155,'Samuel May','mjones@example.com','8111 Valerie Vista Apt. 133
Brendashire, AS 69778',61);
INSERT INTO Usertable3(userID,username,email,address,age) VALUES (156,'Steven Stephens','uortiz@example.com','2514 Brown Station Suite 516
North Patrick, AL 11590',10);
INSERT INTO Usertable3(userID,username,email,address,age) VALUES (157,'Nicholas Hill','emeyers@example.org','5975 Davis Coves
Douglasfurt, MH 03003',73);
INSERT INTO Usertable3(userID,username,email,address,age) VALUES (158,'Dana White','zwillis@example.com','545 Gay Glen
Paynetown, MT 05442',83);
INSERT INTO Usertable3(userID,username,email,address,age) VALUES (159,'Mrs. Candice Hays','beverlybooker@example.org','765 Alicia Forks Apt. 845
Palmerstad, PW 15305',47);
INSERT INTO Usertable3(userID,username,email,address,age) VALUES (160,'Ryan Davis','ascott@example.com','72258 David Union Suite 402
Leeland, NM 54853',48);
INSERT INTO Usertable3(userID,username,email,address,age) VALUES (161,'Jamie Fitzgerald','jjimenez@example.org','961 Timothy Meadow Apt. 748
Rodriguezfort, IA 40947',87);
INSERT INTO Usertable3(userID,username,email,address,age) VALUES (162,'Nicholas Wright','iwatson@example.net','3094 Peter Oval Suite 803
East Nicholas, NH 06624',45);
INSERT INTO Usertable3(userID,username,email,address,age) VALUES (163,'Elizabeth Jones','danderson@example.net','157 Elliott Well
East Dwayne, WA 54505',65);
INSERT INTO Usertable3(userID,username,email,address,age) VALUES (164,'Jessica West','regina21@example.net','014 Janet Court Apt. 265
North Carolborough, DE 04308',92);
INSERT INTO Usertable3(userID,username,email,address,age) VALUES (165,'Matthew Smith','steven17@example.net','16332 Hart Ranch
New Tamara, TX 50726',48);
INSERT INTO Usertable3(userID,username,email,address,age) VALUES (166,'Cassie Sanchez','cindy50@example.com','83577 Jacobs Shores
Maciasside, KY 96079',31);
INSERT INTO Usertable3(userID,username,email,address,age) VALUES (167,'Krista Chan','katherine75@example.org','60904 Bradley Loaf
Lake Katherine, WI 19884',23);
INSERT INTO Usertable3(userID,username,email,address,age) VALUES (168,'Timothy Beck','jonescharles@example.org','2124 Donna Mountains Suite 276
East Jennifer, KY 73593',22);
INSERT INTO Usertable3(userID,username,email,address,age) VALUES (169,'Brooke Armstrong','gabrielarobinson@example.net','2473 Lang Trail
Hinesland, NC 04133',20);
INSERT INTO Usertable3(userID,username,email,address,age) VALUES (170,'Tonya Moore','steven86@example.com','03091 Tyler Stream Apt. 536
Port Shaunchester, NE 05789',61);
INSERT INTO Usertable3(userID,username,email,address,age) VALUES (171,'Travis Kerr','amy56@example.net','023 Williamson Flats
Port Adrian, CT 32441',13);
INSERT INTO Usertable3(userID,username,email,address,age) VALUES (172,'Teresa Larson','monicaruiz@example.com','40608 Matthews Isle Apt. 126
North Karenton, MT 28275',31);
INSERT INTO Usertable3(userID,username,email,address,age) VALUES (173,'Mary Ochoa','deborah00@example.org','9082 Zachary Port
Curryport, WI 51451',34);
INSERT INTO Usertable3(userID,username,email,address,age) VALUES (174,'Kathryn Bass','julia29@example.com','7790 Alicia Stream Suite 785
East Lynnville, IN 00742',62);
INSERT INTO Usertable3(userID,username,email,address,age) VALUES (175,'Mark Sullivan','fbriggs@example.org','USS Zavala
FPO AP 62375',57);
INSERT INTO Usertable3(userID,username,email,address,age) VALUES (176,'Tina Scott','johnsongregory@example.net','73210 Webster Camp Suite 560
North Reneehaven, NY 73342',63);
INSERT INTO Usertable3(userID,username,email,address,age) VALUES (177,'Rachel Myers','jonathan22@example.com','6275 Sandoval Springs Suite 595
Port Jerry, WY 66291',76);
INSERT INTO Usertable3(userID,username,email,address,age) VALUES (178,'Michael Miller','campbelljustin@example.com','Unit 0817 Box 6039
DPO AE 04188',58);
INSERT INTO Usertable3(userID,username,email,address,age) VALUES (179,'Joel Zhang','castrojennifer@example.com','29778 Rebecca Lodge
Christianburgh, GU 28861',28);
INSERT INTO Usertable3(userID,username,email,address,age) VALUES (180,'Michael Sullivan','garrett41@example.com','USCGC Perez
FPO AP 21939',36);

select count(*) from Usertable3;

CREATE TABLE Channel3(
  channel_id int PRIMARY KEY,
  channel_name varchar(255),
  userID int,
  created_at DATE DEFAULT CURRENT_TIMESTAMP,
  CONSTRAINT userID_fk FOREIGN KEY
    (userID) REFERENCES Usertable3(userID)
  );

--drop table Channel3

INSERT INTO Channel3(channel_id,channel_name,userID,created_at) VALUES (1,'hello_channel156',154,'01-Jan-23');
INSERT INTO Channel3(channel_id,channel_name,userID,created_at) VALUES (2,'hello_channel14',80,'01-Jan-23');
INSERT INTO Channel3(channel_id,channel_name,userID,created_at) VALUES (3,'hello_channel106',125,'01-Jan-23');
INSERT INTO Channel3(channel_id,channel_name,userID,created_at) VALUES (4,'hello_channel97',33,'01-Jan-23');
INSERT INTO Channel3(channel_id,channel_name,userID,created_at) VALUES (5,'hello_channel166',161,'01-Jan-23');
INSERT INTO Channel3(channel_id,channel_name,userID,created_at) VALUES (6,'hello_channel19',161,'01-Jan-23');
INSERT INTO Channel3(channel_id,channel_name,userID,created_at) VALUES (7,'hello_channel26',58,'01-Jan-23');
INSERT INTO Channel3(channel_id,channel_name,userID,created_at) VALUES (8,'hello_channel160',96,'01-Jan-23');
INSERT INTO Channel3(channel_id,channel_name,userID,created_at) VALUES (9,'hello_channel63',102,'01-Jan-23');
INSERT INTO Channel3(channel_id,channel_name,userID,created_at) VALUES (10,'hello_channel122',180,'01-Jan-23');
INSERT INTO Channel3(channel_id,channel_name,userID,created_at) VALUES (11,'hello_channel40',65,'01-Jan-23');
INSERT INTO Channel3(channel_id,channel_name,userID,created_at) VALUES (12,'hello_channel158',148,'01-Jan-23');
INSERT INTO Channel3(channel_id,channel_name,userID,created_at) VALUES (13,'hello_channel15',141,'01-Jan-23');
INSERT INTO Channel3(channel_id,channel_name,userID,created_at) VALUES (14,'hello_channel112',124,'01-Jan-23');
INSERT INTO Channel3(channel_id,channel_name,userID,created_at) VALUES (15,'hello_channel52',10,'01-Jan-23');
INSERT INTO Channel3(channel_id,channel_name,userID,created_at) VALUES (16,'hello_channel173',14,'01-Jan-23');
INSERT INTO Channel3(channel_id,channel_name,userID,created_at) VALUES (17,'hello_channel49',58,'01-Jan-23');
INSERT INTO Channel3(channel_id,channel_name,userID,created_at) VALUES (18,'hello_channel4',175,'01-Jan-23');
INSERT INTO Channel3(channel_id,channel_name,userID,created_at) VALUES (19,'hello_channel166',34,'01-Jan-23');
INSERT INTO Channel3(channel_id,channel_name,userID,created_at) VALUES (20,'hello_channel56',128,'01-Jan-23');
INSERT INTO Channel3(channel_id,channel_name,userID,created_at) VALUES (21,'hello_channel16',172,'01-Jan-23');
INSERT INTO Channel3(channel_id,channel_name,userID,created_at) VALUES (22,'hello_channel7',140,'01-Jan-23');
INSERT INTO Channel3(channel_id,channel_name,userID,created_at) VALUES (23,'hello_channel150',113,'01-Jan-23');
INSERT INTO Channel3(channel_id,channel_name,userID,created_at) VALUES (24,'hello_channel169',132,'01-Jan-23');
INSERT INTO Channel3(channel_id,channel_name,userID,created_at) VALUES (25,'hello_channel175',67,'01-Jan-23');
INSERT INTO Channel3(channel_id,channel_name,userID,created_at) VALUES (26,'hello_channel157',16,'01-Jan-23');
INSERT INTO Channel3(channel_id,channel_name,userID,created_at) VALUES (27,'hello_channel48',172,'01-Jan-23');
INSERT INTO Channel3(channel_id,channel_name,userID,created_at) VALUES (28,'hello_channel108',22,'01-Jan-23');
INSERT INTO Channel3(channel_id,channel_name,userID,created_at) VALUES (29,'hello_channel101',78,'01-Jan-23');
INSERT INTO Channel3(channel_id,channel_name,userID,created_at) VALUES (30,'hello_channel23',129,'01-Jan-23');
INSERT INTO Channel3(channel_id,channel_name,userID,created_at) VALUES (31,'hello_channel166',95,'01-Jan-23');
INSERT INTO Channel3(channel_id,channel_name,userID,created_at) VALUES (32,'hello_channel72',70,'01-Jan-23');
INSERT INTO Channel3(channel_id,channel_name,userID,created_at) VALUES (33,'hello_channel30',67,'01-Jan-23');
INSERT INTO Channel3(channel_id,channel_name,userID,created_at) VALUES (34,'hello_channel159',48,'01-Jan-23');
INSERT INTO Channel3(channel_id,channel_name,userID,created_at) VALUES (35,'hello_channel30',124,'01-Jan-23');
INSERT INTO Channel3(channel_id,channel_name,userID,created_at) VALUES (36,'hello_channel70',88,'01-Jan-23');
INSERT INTO Channel3(channel_id,channel_name,userID,created_at) VALUES (37,'hello_channel148',116,'01-Jan-23');
INSERT INTO Channel3(channel_id,channel_name,userID,created_at) VALUES (38,'hello_channel8',127,'01-Jan-23');
INSERT INTO Channel3(channel_id,channel_name,userID,created_at) VALUES (39,'hello_channel65',26,'01-Jan-23');
INSERT INTO Channel3(channel_id,channel_name,userID,created_at) VALUES (40,'hello_channel104',108,'01-Jan-23');
INSERT INTO Channel3(channel_id,channel_name,userID,created_at) VALUES (41,'hello_channel52',96,'01-Jan-23');
INSERT INTO Channel3(channel_id,channel_name,userID,created_at) VALUES (42,'hello_channel114',82,'01-Jan-23');
INSERT INTO Channel3(channel_id,channel_name,userID,created_at) VALUES (43,'hello_channel31',129,'01-Jan-23');
INSERT INTO Channel3(channel_id,channel_name,userID,created_at) VALUES (44,'hello_channel103',23,'01-Jan-23');
INSERT INTO Channel3(channel_id,channel_name,userID,created_at) VALUES (45,'hello_channel2',14,'01-Jan-23');
INSERT INTO Channel3(channel_id,channel_name,userID,created_at) VALUES (46,'hello_channel137',38,'01-Jan-23');
INSERT INTO Channel3(channel_id,channel_name,userID,created_at) VALUES (47,'hello_channel149',34,'01-Jan-23');
INSERT INTO Channel3(channel_id,channel_name,userID,created_at) VALUES (48,'hello_channel53',6,'01-Jan-23');
INSERT INTO Channel3(channel_id,channel_name,userID,created_at) VALUES (49,'hello_channel167',120,'01-Jan-23');
INSERT INTO Channel3(channel_id,channel_name,userID,created_at) VALUES (50,'hello_channel50',75,'01-Jan-23');
INSERT INTO Channel3(channel_id,channel_name,userID,created_at) VALUES (51,'hello_channel72',108,'01-Jan-23');
INSERT INTO Channel3(channel_id,channel_name,userID,created_at) VALUES (52,'hello_channel25',112,'01-Jan-23');
INSERT INTO Channel3(channel_id,channel_name,userID,created_at) VALUES (53,'hello_channel124',80,'01-Jan-23');
INSERT INTO Channel3(channel_id,channel_name,userID,created_at) VALUES (54,'hello_channel126',106,'01-Jan-23');
INSERT INTO Channel3(channel_id,channel_name,userID,created_at) VALUES (55,'hello_channel26',69,'01-Jan-23');
INSERT INTO Channel3(channel_id,channel_name,userID,created_at) VALUES (56,'hello_channel132',166,'01-Jan-23');
INSERT INTO Channel3(channel_id,channel_name,userID,created_at) VALUES (57,'hello_channel157',32,'01-Jan-23');
INSERT INTO Channel3(channel_id,channel_name,userID,created_at) VALUES (58,'hello_channel111',20,'01-Jan-23');
INSERT INTO Channel3(channel_id,channel_name,userID,created_at) VALUES (59,'hello_channel55',3,'01-Jan-23');
INSERT INTO Channel3(channel_id,channel_name,userID,created_at) VALUES (60,'hello_channel71',156,'01-Jan-23');
INSERT INTO Channel3(channel_id,channel_name,userID,created_at) VALUES (61,'hello_channel39',176,'01-Jan-23');
INSERT INTO Channel3(channel_id,channel_name,userID,created_at) VALUES (62,'hello_channel155',20,'01-Jan-23');
INSERT INTO Channel3(channel_id,channel_name,userID,created_at) VALUES (63,'hello_channel178',119,'01-Jan-23');
INSERT INTO Channel3(channel_id,channel_name,userID,created_at) VALUES (64,'hello_channel90',152,'01-Jan-23');
INSERT INTO Channel3(channel_id,channel_name,userID,created_at) VALUES (65,'hello_channel44',144,'01-Jan-23');
INSERT INTO Channel3(channel_id,channel_name,userID,created_at) VALUES (66,'hello_channel91',129,'01-Jan-23');
INSERT INTO Channel3(channel_id,channel_name,userID,created_at) VALUES (67,'hello_channel177',50,'01-Jan-23');
INSERT INTO Channel3(channel_id,channel_name,userID,created_at) VALUES (68,'hello_channel120',55,'01-Jan-23');
INSERT INTO Channel3(channel_id,channel_name,userID,created_at) VALUES (69,'hello_channel10',78,'01-Jan-23');
INSERT INTO Channel3(channel_id,channel_name,userID,created_at) VALUES (70,'hello_channel81',77,'01-Jan-23');
INSERT INTO Channel3(channel_id,channel_name,userID,created_at) VALUES (71,'hello_channel100',50,'01-Jan-23');
INSERT INTO Channel3(channel_id,channel_name,userID,created_at) VALUES (72,'hello_channel29',82,'01-Jan-23');
INSERT INTO Channel3(channel_id,channel_name,userID,created_at) VALUES (73,'hello_channel50',60,'01-Jan-23');
INSERT INTO Channel3(channel_id,channel_name,userID,created_at) VALUES (74,'hello_channel175',12,'01-Jan-23');
INSERT INTO Channel3(channel_id,channel_name,userID,created_at) VALUES (75,'hello_channel58',81,'01-Jan-23');
INSERT INTO Channel3(channel_id,channel_name,userID,created_at) VALUES (76,'hello_channel136',156,'01-Jan-23');
INSERT INTO Channel3(channel_id,channel_name,userID,created_at) VALUES (77,'hello_channel136',75,'01-Jan-23');
INSERT INTO Channel3(channel_id,channel_name,userID,created_at) VALUES (78,'hello_channel16',153,'01-Jan-23');
INSERT INTO Channel3(channel_id,channel_name,userID,created_at) VALUES (79,'hello_channel2',150,'01-Jan-23');
INSERT INTO Channel3(channel_id,channel_name,userID,created_at) VALUES (80,'hello_channel172',13,'01-Jan-23');
INSERT INTO Channel3(channel_id,channel_name,userID,created_at) VALUES (81,'hello_channel96',14,'01-Jan-23');
INSERT INTO Channel3(channel_id,channel_name,userID,created_at) VALUES (82,'hello_channel40',100,'01-Jan-23');
INSERT INTO Channel3(channel_id,channel_name,userID,created_at) VALUES (83,'hello_channel3',107,'01-Jan-23');
INSERT INTO Channel3(channel_id,channel_name,userID,created_at) VALUES (84,'hello_channel79',33,'01-Jan-23');
INSERT INTO Channel3(channel_id,channel_name,userID,created_at) VALUES (85,'hello_channel101',66,'01-Jan-23');
INSERT INTO Channel3(channel_id,channel_name,userID,created_at) VALUES (86,'hello_channel174',133,'01-Jan-23');
INSERT INTO Channel3(channel_id,channel_name,userID,created_at) VALUES (87,'hello_channel31',55,'01-Jan-23');
INSERT INTO Channel3(channel_id,channel_name,userID,created_at) VALUES (88,'hello_channel145',119,'01-Jan-23');
INSERT INTO Channel3(channel_id,channel_name,userID,created_at) VALUES (89,'hello_channel157',137,'01-Jan-23');
INSERT INTO Channel3(channel_id,channel_name,userID,created_at) VALUES (90,'hello_channel27',27,'01-Jan-23');
INSERT INTO Channel3(channel_id,channel_name,userID,created_at) VALUES (91,'hello_channel105',66,'01-Jan-23');
INSERT INTO Channel3(channel_id,channel_name,userID,created_at) VALUES (92,'hello_channel177',97,'01-Jan-23');
INSERT INTO Channel3(channel_id,channel_name,userID,created_at) VALUES (93,'hello_channel120',90,'01-Jan-23');
INSERT INTO Channel3(channel_id,channel_name,userID,created_at) VALUES (94,'hello_channel176',125,'01-Jan-23');
INSERT INTO Channel3(channel_id,channel_name,userID,created_at) VALUES (95,'hello_channel143',100,'01-Jan-23');
INSERT INTO Channel3(channel_id,channel_name,userID,created_at) VALUES (96,'hello_channel23',63,'01-Jan-23');
INSERT INTO Channel3(channel_id,channel_name,userID,created_at) VALUES (97,'hello_channel116',74,'01-Jan-23');
INSERT INTO Channel3(channel_id,channel_name,userID,created_at) VALUES (98,'hello_channel142',12,'01-Jan-23');
INSERT INTO Channel3(channel_id,channel_name,userID,created_at) VALUES (99,'hello_channel122',162,'01-Jan-23');
INSERT INTO Channel3(channel_id,channel_name,userID,created_at) VALUES (100,'hello_channel113',132,'01-Jan-23');
INSERT INTO Channel3(channel_id,channel_name,userID,created_at) VALUES (101,'hello_channel170',36,'01-Jan-23');
INSERT INTO Channel3(channel_id,channel_name,userID,created_at) VALUES (102,'hello_channel177',37,'01-Jan-23');
INSERT INTO Channel3(channel_id,channel_name,userID,created_at) VALUES (103,'hello_channel171',178,'01-Jan-23');
INSERT INTO Channel3(channel_id,channel_name,userID,created_at) VALUES (104,'hello_channel123',116,'01-Jan-23');
INSERT INTO Channel3(channel_id,channel_name,userID,created_at) VALUES (105,'hello_channel118',42,'01-Jan-23');
INSERT INTO Channel3(channel_id,channel_name,userID,created_at) VALUES (106,'hello_channel147',163,'01-Jan-23');
INSERT INTO Channel3(channel_id,channel_name,userID,created_at) VALUES (107,'hello_channel108',38,'01-Jan-23');
INSERT INTO Channel3(channel_id,channel_name,userID,created_at) VALUES (108,'hello_channel138',27,'01-Jan-23');
INSERT INTO Channel3(channel_id,channel_name,userID,created_at) VALUES (109,'hello_channel17',23,'01-Jan-23');
INSERT INTO Channel3(channel_id,channel_name,userID,created_at) VALUES (110,'hello_channel81',140,'01-Jan-23');
--truncate table Channel3

CREATE TABLE subscription3 (
  channel_id int,
  userID int,
  subscription_type varchar(100),
  CONSTRAINT subs_pk PRIMARY KEY (channel_id,userID),
  CONSTRAINT channel_sub_fk FOREIGN KEY (channel_id) REFERENCES Channel3(channel_id),
  CONSTRAINT user_subs_fk FOREIGN KEY (userID) REFERENCES Usertable3(userID));

INSERT INTO subscription3(channel_id,userID,subscription_type) VALUES (88, 6,'paid');
INSERT INTO subscription3(channel_id,userID,subscription_type) VALUES (88, 7,'paid');
INSERT INTO subscription3(channel_id,userID,subscription_type) VALUES (88, 8,'paid');
INSERT INTO subscription3(channel_id,userID,subscription_type) VALUES (88, 9,'paid');
INSERT INTO subscription3(channel_id,userID,subscription_type) VALUES (88, 10,'paid');
INSERT INTO subscription3(channel_id,userID,subscription_type) VALUES (88, 11,'paid');
INSERT INTO subscription3(channel_id,userID,subscription_type) VALUES (88, 12,'paid');
INSERT INTO subscription3(channel_id,userID,subscription_type) VALUES (88, 13,'paid');
INSERT INTO subscription3(channel_id,userID,subscription_type) VALUES (88, 14,'paid');
INSERT INTO subscription3(channel_id,userID,subscription_type) VALUES (88, 15,'paid');
INSERT INTO subscription3(channel_id,userID,subscription_type) VALUES (88, 16,'paid');
INSERT INTO subscription3(channel_id,userID,subscription_type) VALUES (88, 17,'paid');
INSERT INTO subscription3(channel_id,userID,subscription_type) VALUES (88, 18,'paid');
INSERT INTO subscription3(channel_id,userID,subscription_type) VALUES (88, 19,'paid');
INSERT INTO subscription3(channel_id,userID,subscription_type) VALUES (88, 20,'paid');
INSERT INTO subscription3(channel_id,userID,subscription_type) VALUES (88, 21,'paid');
INSERT INTO subscription3(channel_id,userID,subscription_type) VALUES (88, 22,'paid');
INSERT INTO subscription3(channel_id,userID,subscription_type) VALUES (88, 23,'paid');
INSERT INTO subscription3(channel_id,userID,subscription_type) VALUES (88, 24,'paid');
INSERT INTO subscription3(channel_id,userID,subscription_type) VALUES (88, 25,'paid');
INSERT INTO subscription3(channel_id,userID,subscription_type) VALUES (88, 26,'paid');
INSERT INTO subscription3(channel_id,userID,subscription_type) VALUES (88, 27,'paid');
INSERT INTO subscription3(channel_id,userID,subscription_type) VALUES (88, 28,'paid');
INSERT INTO subscription3(channel_id,userID,subscription_type) VALUES (88, 29,'paid');
INSERT INTO subscription3(channel_id,userID,subscription_type) VALUES (88, 30,'paid');
INSERT INTO subscription3(channel_id,userID,subscription_type) VALUES (88, 31,'paid');
INSERT INTO subscription3(channel_id,userID,subscription_type) VALUES (88, 32,'paid');
INSERT INTO subscription3(channel_id,userID,subscription_type) VALUES (88, 33,'paid');
INSERT INTO subscription3(channel_id,userID,subscription_type) VALUES (88, 34,'paid');
INSERT INTO subscription3(channel_id,userID,subscription_type) VALUES (88, 35,'paid');
INSERT INTO subscription3(channel_id,userID,subscription_type) VALUES (88, 36,'paid');
INSERT INTO subscription3(channel_id,userID,subscription_type) VALUES (88, 37,'paid');
INSERT INTO subscription3(channel_id,userID,subscription_type) VALUES (88, 38,'paid');
INSERT INTO subscription3(channel_id,userID,subscription_type) VALUES (88, 39,'paid');
INSERT INTO subscription3(channel_id,userID,subscription_type) VALUES (88, 40,'paid');
INSERT INTO subscription3(channel_id,userID,subscription_type) VALUES (88, 41,'paid');
INSERT INTO subscription3(channel_id,userID,subscription_type) VALUES (88, 42,'paid');
INSERT INTO subscription3(channel_id,userID,subscription_type) VALUES (88, 43,'paid');
INSERT INTO subscription3(channel_id,userID,subscription_type) VALUES (88, 44,'paid');
INSERT INTO subscription3(channel_id,userID,subscription_type) VALUES (88, 45,'paid');
INSERT INTO subscription3(channel_id,userID,subscription_type) VALUES (88, 46,'paid');
INSERT INTO subscription3(channel_id,userID,subscription_type) VALUES (88, 47,'paid');
INSERT INTO subscription3(channel_id,userID,subscription_type) VALUES (88, 48,'paid');
INSERT INTO subscription3(channel_id,userID,subscription_type) VALUES (88, 49,'paid');
INSERT INTO subscription3(channel_id,userID,subscription_type) VALUES (88, 50,'paid');
INSERT INTO subscription3(channel_id,userID,subscription_type) VALUES (88, 51,'paid');
INSERT INTO subscription3(channel_id,userID,subscription_type) VALUES (88, 52,'paid');
INSERT INTO subscription3(channel_id,userID,subscription_type) VALUES (88, 53,'paid');
INSERT INTO subscription3(channel_id,userID,subscription_type) VALUES (88, 54,'paid');
INSERT INTO subscription3(channel_id,userID,subscription_type) VALUES (88, 55,'paid');
INSERT INTO subscription3(channel_id,userID,subscription_type) VALUES (88, 56,'paid');
INSERT INTO subscription3(channel_id,userID,subscription_type) VALUES (88, 57,'paid');
INSERT INTO subscription3(channel_id,userID,subscription_type) VALUES (88, 58,'paid');
INSERT INTO subscription3(channel_id,userID,subscription_type) VALUES (88, 59,'paid');
INSERT INTO subscription3(channel_id,userID,subscription_type) VALUES (88, 60,'paid');
INSERT INTO subscription3(channel_id,userID,subscription_type) VALUES (88, 61,'paid');
INSERT INTO subscription3(channel_id,userID,subscription_type) VALUES (88, 62,'paid');
INSERT INTO subscription3(channel_id,userID,subscription_type) VALUES (88, 63,'paid');
INSERT INTO subscription3(channel_id,userID,subscription_type) VALUES (88, 64,'paid');
INSERT INTO subscription3(channel_id,userID,subscription_type) VALUES (88, 65,'paid');
INSERT INTO subscription3(channel_id,userID,subscription_type) VALUES (88, 66,'paid');
INSERT INTO subscription3(channel_id,userID,subscription_type) VALUES (88, 67,'paid');
INSERT INTO subscription3(channel_id,userID,subscription_type) VALUES (88, 68,'paid');
INSERT INTO subscription3(channel_id,userID,subscription_type) VALUES (88, 69,'paid');
INSERT INTO subscription3(channel_id,userID,subscription_type) VALUES (88, 70,'paid');
INSERT INTO subscription3(channel_id,userID,subscription_type) VALUES (88, 71,'paid');
INSERT INTO subscription3(channel_id,userID,subscription_type) VALUES (88, 72,'paid');
INSERT INTO subscription3(channel_id,userID,subscription_type) VALUES (88, 73,'paid');
INSERT INTO subscription3(channel_id,userID,subscription_type) VALUES (88, 74,'paid');
INSERT INTO subscription3(channel_id,userID,subscription_type) VALUES (88, 75,'paid');
INSERT INTO subscription3(channel_id,userID,subscription_type) VALUES (88, 76,'paid');
INSERT INTO subscription3(channel_id,userID,subscription_type) VALUES (88, 77,'paid');
INSERT INTO subscription3(channel_id,userID,subscription_type) VALUES (88, 78,'paid');
INSERT INTO subscription3(channel_id,userID,subscription_type) VALUES (88, 79,'paid');
INSERT INTO subscription3(channel_id,userID,subscription_type) VALUES (88, 80,'paid');
INSERT INTO subscription3(channel_id,userID,subscription_type) VALUES (88, 81,'paid');
INSERT INTO subscription3(channel_id,userID,subscription_type) VALUES (88, 82,'paid');
INSERT INTO subscription3(channel_id,userID,subscription_type) VALUES (88, 83,'paid');
INSERT INTO subscription3(channel_id,userID,subscription_type) VALUES (88, 84,'paid');
INSERT INTO subscription3(channel_id,userID,subscription_type) VALUES (88, 85,'paid');
INSERT INTO subscription3(channel_id,userID,subscription_type) VALUES (88, 86,'paid');
INSERT INTO subscription3(channel_id,userID,subscription_type) VALUES (88, 87,'paid');
INSERT INTO subscription3(channel_id,userID,subscription_type) VALUES (88, 88,'paid');
INSERT INTO subscription3(channel_id,userID,subscription_type) VALUES (88, 89,'paid');
INSERT INTO subscription3(channel_id,userID,subscription_type) VALUES (88, 90,'paid');
INSERT INTO subscription3(channel_id,userID,subscription_type) VALUES (88, 91,'paid');
INSERT INTO subscription3(channel_id,userID,subscription_type) VALUES (88, 92,'paid');
INSERT INTO subscription3(channel_id,userID,subscription_type) VALUES (88, 93,'paid');
INSERT INTO subscription3(channel_id,userID,subscription_type) VALUES (88, 94,'paid');
INSERT INTO subscription3(channel_id,userID,subscription_type) VALUES (88, 95,'paid');
INSERT INTO subscription3(channel_id,userID,subscription_type) VALUES (88, 96,'paid');
INSERT INTO subscription3(channel_id,userID,subscription_type) VALUES (88, 97,'paid');
INSERT INTO subscription3(channel_id,userID,subscription_type) VALUES (88, 98,'paid');
INSERT INTO subscription3(channel_id,userID,subscription_type) VALUES (88, 99,'paid');
INSERT INTO subscription3(channel_id,userID,subscription_type) VALUES (88, 100,'paid');
INSERT INTO subscription3(channel_id,userID,subscription_type) VALUES (88, 101,'paid');
INSERT INTO subscription3(channel_id,userID,subscription_type) VALUES (88, 102,'paid');
INSERT INTO subscription3(channel_id,userID,subscription_type) VALUES (88, 103,'paid');
INSERT INTO subscription3(channel_id,userID,subscription_type) VALUES (88, 104,'paid');
INSERT INTO subscription3(channel_id,userID,subscription_type) VALUES (88, 105,'paid');
INSERT INTO subscription3(channel_id,userID,subscription_type) VALUES (88, 106,'paid');
INSERT INTO subscription3(channel_id,userID,subscription_type) VALUES (88, 107,'paid');
INSERT INTO subscription3(channel_id,userID,subscription_type) VALUES (88, 108,'paid');
INSERT INTO subscription3(channel_id,userID,subscription_type) VALUES (88, 109,'paid');
INSERT INTO subscription3(channel_id,userID,subscription_type) VALUES (88, 110,'paid');
INSERT INTO subscription3(channel_id,userID,subscription_type) VALUES (88, 111,'paid');
INSERT INTO subscription3(channel_id,userID,subscription_type) VALUES (88, 112,'paid');
INSERT INTO subscription3(channel_id,userID,subscription_type) VALUES (88, 113,'paid');
INSERT INTO subscription3(channel_id,userID,subscription_type) VALUES (88, 114,'paid');
INSERT INTO subscription3(channel_id,userID,subscription_type) VALUES (88, 115,'paid');
INSERT INTO subscription3(channel_id,userID,subscription_type) VALUES (23, 29,'paid');
INSERT INTO subscription3(channel_id,userID,subscription_type) VALUES (23, 30,'paid');
INSERT INTO subscription3(channel_id,userID,subscription_type) VALUES (23, 31,'paid');
INSERT INTO subscription3(channel_id,userID,subscription_type) VALUES (23, 32,'paid');
INSERT INTO subscription3(channel_id,userID,subscription_type) VALUES (23, 33,'paid');
INSERT INTO subscription3(channel_id,userID,subscription_type) VALUES (23, 34,'paid');
INSERT INTO subscription3(channel_id,userID,subscription_type) VALUES (23, 35,'paid');
INSERT INTO subscription3(channel_id,userID,subscription_type) VALUES (23, 36,'paid');
INSERT INTO subscription3(channel_id,userID,subscription_type) VALUES (23, 37,'paid');
INSERT INTO subscription3(channel_id,userID,subscription_type) VALUES (23, 38,'paid');
INSERT INTO subscription3(channel_id,userID,subscription_type) VALUES (23, 39,'paid');
INSERT INTO subscription3(channel_id,userID,subscription_type) VALUES (23, 40,'paid');
INSERT INTO subscription3(channel_id,userID,subscription_type) VALUES (23, 41,'paid');
INSERT INTO subscription3(channel_id,userID,subscription_type) VALUES (23, 42,'paid');
INSERT INTO subscription3(channel_id,userID,subscription_type) VALUES (23, 43,'paid');
INSERT INTO subscription3(channel_id,userID,subscription_type) VALUES (23, 44,'paid');
INSERT INTO subscription3(channel_id,userID,subscription_type) VALUES (23, 45,'paid');
INSERT INTO subscription3(channel_id,userID,subscription_type) VALUES (23, 46,'paid');
INSERT INTO subscription3(channel_id,userID,subscription_type) VALUES (23, 47,'paid');
INSERT INTO subscription3(channel_id,userID,subscription_type) VALUES (23, 48,'paid');
INSERT INTO subscription3(channel_id,userID,subscription_type) VALUES (23, 49,'paid');
INSERT INTO subscription3(channel_id,userID,subscription_type) VALUES (23, 50,'paid');
INSERT INTO subscription3(channel_id,userID,subscription_type) VALUES (23, 51,'paid');
INSERT INTO subscription3(channel_id,userID,subscription_type) VALUES (23, 52,'paid');
INSERT INTO subscription3(channel_id,userID,subscription_type) VALUES (23, 53,'paid');
INSERT INTO subscription3(channel_id,userID,subscription_type) VALUES (23, 54,'paid');
INSERT INTO subscription3(channel_id,userID,subscription_type) VALUES (23, 55,'paid');
INSERT INTO subscription3(channel_id,userID,subscription_type) VALUES (23, 56,'paid');
INSERT INTO subscription3(channel_id,userID,subscription_type) VALUES (23, 57,'paid');
INSERT INTO subscription3(channel_id,userID,subscription_type) VALUES (23, 58,'paid');
INSERT INTO subscription3(channel_id,userID,subscription_type) VALUES (23, 59,'paid');
INSERT INTO subscription3(channel_id,userID,subscription_type) VALUES (23, 60,'paid');
INSERT INTO subscription3(channel_id,userID,subscription_type) VALUES (23, 61,'paid');
INSERT INTO subscription3(channel_id,userID,subscription_type) VALUES (23, 62,'paid');
INSERT INTO subscription3(channel_id,userID,subscription_type) VALUES (23, 63,'paid');
INSERT INTO subscription3(channel_id,userID,subscription_type) VALUES (23, 64,'paid');
INSERT INTO subscription3(channel_id,userID,subscription_type) VALUES (23, 65,'paid');
INSERT INTO subscription3(channel_id,userID,subscription_type) VALUES (23, 66,'paid');
INSERT INTO subscription3(channel_id,userID,subscription_type) VALUES (23, 67,'paid');
INSERT INTO subscription3(channel_id,userID,subscription_type) VALUES (23, 68,'paid');
INSERT INTO subscription3(channel_id,userID,subscription_type) VALUES (23, 69,'paid');
INSERT INTO subscription3(channel_id,userID,subscription_type) VALUES (23, 70,'paid');
INSERT INTO subscription3(channel_id,userID,subscription_type) VALUES (23, 71,'paid');
INSERT INTO subscription3(channel_id,userID,subscription_type) VALUES (23, 72,'paid');
INSERT INTO subscription3(channel_id,userID,subscription_type) VALUES (23, 73,'paid');
INSERT INTO subscription3(channel_id,userID,subscription_type) VALUES (23, 74,'paid');
INSERT INTO subscription3(channel_id,userID,subscription_type) VALUES (23, 75,'paid');
INSERT INTO subscription3(channel_id,userID,subscription_type) VALUES (23, 76,'paid');
INSERT INTO subscription3(channel_id,userID,subscription_type) VALUES (23, 77,'paid');
INSERT INTO subscription3(channel_id,userID,subscription_type) VALUES (23, 78,'paid');
INSERT INTO subscription3(channel_id,userID,subscription_type) VALUES (23, 79,'paid');
INSERT INTO subscription3(channel_id,userID,subscription_type) VALUES (23, 80,'paid');
INSERT INTO subscription3(channel_id,userID,subscription_type) VALUES (23, 81,'paid');
INSERT INTO subscription3(channel_id,userID,subscription_type) VALUES (23, 82,'paid');
INSERT INTO subscription3(channel_id,userID,subscription_type) VALUES (23, 83,'paid');
INSERT INTO subscription3(channel_id,userID,subscription_type) VALUES (23, 84,'paid');
INSERT INTO subscription3(channel_id,userID,subscription_type) VALUES (23, 85,'paid');
INSERT INTO subscription3(channel_id,userID,subscription_type) VALUES (23, 86,'paid');
INSERT INTO subscription3(channel_id,userID,subscription_type) VALUES (23, 87,'paid');
INSERT INTO subscription3(channel_id,userID,subscription_type) VALUES (23, 88,'paid');
INSERT INTO subscription3(channel_id,userID,subscription_type) VALUES (23, 89,'paid');
INSERT INTO subscription3(channel_id,userID,subscription_type) VALUES (23, 90,'paid');
INSERT INTO subscription3(channel_id,userID,subscription_type) VALUES (23, 91,'paid');
INSERT INTO subscription3(channel_id,userID,subscription_type) VALUES (23, 92,'paid');
INSERT INTO subscription3(channel_id,userID,subscription_type) VALUES (23, 93,'paid');
INSERT INTO subscription3(channel_id,userID,subscription_type) VALUES (23, 94,'paid');
INSERT INTO subscription3(channel_id,userID,subscription_type) VALUES (23, 95,'paid');
INSERT INTO subscription3(channel_id,userID,subscription_type) VALUES (23, 96,'paid');
INSERT INTO subscription3(channel_id,userID,subscription_type) VALUES (23, 97,'paid');
INSERT INTO subscription3(channel_id,userID,subscription_type) VALUES (23, 98,'paid');
INSERT INTO subscription3(channel_id,userID,subscription_type) VALUES (23, 99,'paid');
INSERT INTO subscription3(channel_id,userID,subscription_type) VALUES (23, 100,'paid');
INSERT INTO subscription3(channel_id,userID,subscription_type) VALUES (23, 101,'paid');
INSERT INTO subscription3(channel_id,userID,subscription_type) VALUES (23, 102,'paid');
INSERT INTO subscription3(channel_id,userID,subscription_type) VALUES (23, 103,'paid');
INSERT INTO subscription3(channel_id,userID,subscription_type) VALUES (23, 104,'paid');
INSERT INTO subscription3(channel_id,userID,subscription_type) VALUES (23, 105,'paid');
INSERT INTO subscription3(channel_id,userID,subscription_type) VALUES (23, 106,'paid');
INSERT INTO subscription3(channel_id,userID,subscription_type) VALUES (23, 107,'paid');
INSERT INTO subscription3(channel_id,userID,subscription_type) VALUES (23, 108,'paid');
INSERT INTO subscription3(channel_id,userID,subscription_type) VALUES (23, 109,'paid');
INSERT INTO subscription3(channel_id,userID,subscription_type) VALUES (23, 110,'paid');
INSERT INTO subscription3(channel_id,userID,subscription_type) VALUES (23, 111,'paid');
INSERT INTO subscription3(channel_id,userID,subscription_type) VALUES (23, 112,'paid');
INSERT INTO subscription3(channel_id,userID,subscription_type) VALUES (23, 113,'paid');
INSERT INTO subscription3(channel_id,userID,subscription_type) VALUES (23, 114,'paid');
INSERT INTO subscription3(channel_id,userID,subscription_type) VALUES (23, 115,'paid');
INSERT INTO subscription3(channel_id,userID,subscription_type) VALUES (23, 116,'paid');
INSERT INTO subscription3(channel_id,userID,subscription_type) VALUES (23, 117,'paid');
INSERT INTO subscription3(channel_id,userID,subscription_type) VALUES (23, 118,'paid');
INSERT INTO subscription3(channel_id,userID,subscription_type) VALUES (23, 119,'paid');
INSERT INTO subscription3(channel_id,userID,subscription_type) VALUES (23, 120,'paid');
INSERT INTO subscription3(channel_id,userID,subscription_type) VALUES (23, 121,'paid');
INSERT INTO subscription3(channel_id,userID,subscription_type) VALUES (23, 122,'paid');
INSERT INTO subscription3(channel_id,userID,subscription_type) VALUES (23, 123,'paid');
INSERT INTO subscription3(channel_id,userID,subscription_type) VALUES (23, 124,'paid');
INSERT INTO subscription3(channel_id,userID,subscription_type) VALUES (23, 125,'paid');
INSERT INTO subscription3(channel_id,userID,subscription_type) VALUES (23, 126,'paid');
INSERT INTO subscription3(channel_id,userID,subscription_type) VALUES (23, 127,'paid');
INSERT INTO subscription3(channel_id,userID,subscription_type) VALUES (23, 128,'paid');
INSERT INTO subscription3(channel_id,userID,subscription_type) VALUES (23, 129,'paid');
INSERT INTO subscription3(channel_id,userID,subscription_type) VALUES (23, 130,'paid');
INSERT INTO subscription3(channel_id,userID,subscription_type) VALUES (23, 131,'paid');
INSERT INTO subscription3(channel_id,userID,subscription_type) VALUES (23, 132,'paid');
INSERT INTO subscription3(channel_id,userID,subscription_type) VALUES (23, 133,'paid');
INSERT INTO subscription3(channel_id,userID,subscription_type) VALUES (23, 134,'paid');
INSERT INTO subscription3(channel_id,userID,subscription_type) VALUES (23, 135,'paid');
INSERT INTO subscription3(channel_id,userID,subscription_type) VALUES (23, 136,'paid');
INSERT INTO subscription3(channel_id,userID,subscription_type) VALUES (23, 137,'paid');
INSERT INTO subscription3(channel_id,userID,subscription_type) VALUES (23, 138,'paid');
INSERT INTO subscription3(channel_id,userID,subscription_type) VALUES (4, 150,'free');
INSERT INTO subscription3(channel_id,userID,subscription_type) VALUES (23, 144,'free');
INSERT INTO subscription3(channel_id,userID,subscription_type) VALUES (108, 171,'free');
INSERT INTO subscription3(channel_id,userID,subscription_type) VALUES (101, 99,'free');
INSERT INTO subscription3(channel_id,userID,subscription_type) VALUES (99, 49,'free');
INSERT INTO subscription3(channel_id,userID,subscription_type) VALUES (133, 1,'free');
INSERT INTO subscription3(channel_id,userID,subscription_type) VALUES (16, 45,'free');
INSERT INTO subscription3(channel_id,userID,subscription_type) VALUES (154, 180,'free');
INSERT INTO subscription3(channel_id,userID,subscription_type) VALUES (97, 105,'free');
INSERT INTO subscription3(channel_id,userID,subscription_type) VALUES (168, 175,'free');
INSERT INTO subscription3(channel_id,userID,subscription_type) VALUES (98, 162,'free');
INSERT INTO subscription3(channel_id,userID,subscription_type) VALUES (128, 120,'free');
INSERT INTO subscription3(channel_id,userID,subscription_type) VALUES (95, 161,'free');
INSERT INTO subscription3(channel_id,userID,subscription_type) VALUES (48, 162,'free');
INSERT INTO subscription3(channel_id,userID,subscription_type) VALUES (99, 141,'free');
INSERT INTO subscription3(channel_id,userID,subscription_type) VALUES (105, 12,'free');
INSERT INTO subscription3(channel_id,userID,subscription_type) VALUES (73, 39,'free');
INSERT INTO subscription3(channel_id,userID,subscription_type) VALUES (104, 7,'free');
INSERT INTO subscription3(channel_id,userID,subscription_type) VALUES (175, 135,'free');
INSERT INTO subscription3(channel_id,userID,subscription_type) VALUES (58, 159,'free');
INSERT INTO subscription3(channel_id,userID,subscription_type) VALUES (28, 178,'free');
INSERT INTO subscription3(channel_id,userID,subscription_type) VALUES (41, 147,'free');
INSERT INTO subscription3(channel_id,userID,subscription_type) VALUES (98, 100,'free');
INSERT INTO subscription3(channel_id,userID,subscription_type) VALUES (32, 118,'free');
INSERT INTO subscription3(channel_id,userID,subscription_type) VALUES (76, 94,'free');
INSERT INTO subscription3(channel_id,userID,subscription_type) VALUES (89, 155,'free');
INSERT INTO subscription3(channel_id,userID,subscription_type) VALUES (36, 53,'free');
INSERT INTO subscription3(channel_id,userID,subscription_type) VALUES (6, 108,'free');
INSERT INTO subscription3(channel_id,userID,subscription_type) VALUES (29, 77,'free');
INSERT INTO subscription3(channel_id,userID,subscription_type) VALUES (12, 89,'free');
INSERT INTO subscription3(channel_id,userID,subscription_type) VALUES (8, 148,'free');
INSERT INTO subscription3(channel_id,userID,subscription_type) VALUES (72, 21,'free');
INSERT INTO subscription3(channel_id,userID,subscription_type) VALUES (146, 25,'free');
INSERT INTO subscription3(channel_id,userID,subscription_type) VALUES (84, 51,'free');
INSERT INTO subscription3(channel_id,userID,subscription_type) VALUES (8, 149,'free');
INSERT INTO subscription3(channel_id,userID,subscription_type) VALUES (168, 12,'free');
INSERT INTO subscription3(channel_id,userID,subscription_type) VALUES (153, 90,'free');
INSERT INTO subscription3(channel_id,userID,subscription_type) VALUES (77, 178,'free');
INSERT INTO subscription3(channel_id,userID,subscription_type) VALUES (153, 140,'free');
INSERT INTO subscription3(channel_id,userID,subscription_type) VALUES (162, 62,'free');
INSERT INTO subscription3(channel_id,userID,subscription_type) VALUES (50, 75,'free');
INSERT INTO subscription3(channel_id,userID,subscription_type) VALUES (5, 61,'free');
INSERT INTO subscription3(channel_id,userID,subscription_type) VALUES (172, 61,'free');
INSERT INTO subscription3(channel_id,userID,subscription_type) VALUES (19, 142,'free');
INSERT INTO subscription3(channel_id,userID,subscription_type) VALUES (162, 11,'free');
INSERT INTO subscription3(channel_id,userID,subscription_type) VALUES (47, 145,'free');
INSERT INTO subscription3(channel_id,userID,subscription_type) VALUES (73, 149,'free');
INSERT INTO subscription3(channel_id,userID,subscription_type) VALUES (16, 160,'free');
INSERT INTO subscription3(channel_id,userID,subscription_type) VALUES (163, 8,'free');
INSERT INTO subscription3(channel_id,userID,subscription_type) VALUES (111, 128,'free');
INSERT INTO subscription3(channel_id,userID,subscription_type) VALUES (2, 45,'free');
INSERT INTO subscription3(channel_id,userID,subscription_type) VALUES (4, 169,'free');
INSERT INTO subscription3(channel_id,userID,subscription_type) VALUES (14, 73,'free');
INSERT INTO subscription3(channel_id,userID,subscription_type) VALUES (165, 93,'free');
INSERT INTO subscription3(channel_id,userID,subscription_type) VALUES (160, 168,'free');
INSERT INTO subscription3(channel_id,userID,subscription_type) VALUES (142, 45,'free');
INSERT INTO subscription3(channel_id,userID,subscription_type) VALUES (163, 174,'free');
INSERT INTO subscription3(channel_id,userID,subscription_type) VALUES (150, 13,'free');
INSERT INTO subscription3(channel_id,userID,subscription_type) VALUES (91, 46,'free');
INSERT INTO subscription3(channel_id,userID,subscription_type) VALUES (15, 69,'free');
INSERT INTO subscription3(channel_id,userID,subscription_type) VALUES (20, 53,'free');
INSERT INTO subscription3(channel_id,userID,subscription_type) VALUES (89, 20,'free');
INSERT INTO subscription3(channel_id,userID,subscription_type) VALUES (50, 35,'free');
INSERT INTO subscription3(channel_id,userID,subscription_type) VALUES (90, 162,'free');
INSERT INTO subscription3(channel_id,userID,subscription_type) VALUES (4, 118,'free');
INSERT INTO subscription3(channel_id,userID,subscription_type) VALUES (50, 65,'free');
INSERT INTO subscription3(channel_id,userID,subscription_type) VALUES (67, 29,'free');
INSERT INTO subscription3(channel_id,userID,subscription_type) VALUES (136, 33,'free');
INSERT INTO subscription3(channel_id,userID,subscription_type) VALUES (35, 1,'free');
INSERT INTO subscription3(channel_id,userID,subscription_type) VALUES (65, 64,'free');
INSERT INTO subscription3(channel_id,userID,subscription_type) VALUES (87, 75,'free');
INSERT INTO subscription3(channel_id,userID,subscription_type) VALUES (15, 145,'free');
INSERT INTO subscription3(channel_id,userID,subscription_type) VALUES (128, 69,'free');
INSERT INTO subscription3(channel_id,userID,subscription_type) VALUES (98, 153,'free');
INSERT INTO subscription3(channel_id,userID,subscription_type) VALUES (35, 128,'free');
INSERT INTO subscription3(channel_id,userID,subscription_type) VALUES (103, 40,'free');
INSERT INTO subscription3(channel_id,userID,subscription_type) VALUES (152, 151,'free');
INSERT INTO subscription3(channel_id,userID,subscription_type) VALUES (109, 95,'free');
INSERT INTO subscription3(channel_id,userID,subscription_type) VALUES (66, 96,'free');
INSERT INTO subscription3(channel_id,userID,subscription_type) VALUES (119, 49,'free');
INSERT INTO subscription3(channel_id,userID,subscription_type) VALUES (107, 88,'free');
INSERT INTO subscription3(channel_id,userID,subscription_type) VALUES (159, 36,'free');
INSERT INTO subscription3(channel_id,userID,subscription_type) VALUES (141, 108,'free');
INSERT INTO subscription3(channel_id,userID,subscription_type) VALUES (108, 93,'free');
INSERT INTO subscription3(channel_id,userID,subscription_type) VALUES (35, 44,'free');
INSERT INTO subscription3(channel_id,userID,subscription_type) VALUES (43, 81,'free');
INSERT INTO subscription3(channel_id,userID,subscription_type) VALUES (90, 102,'free');
INSERT INTO subscription3(channel_id,userID,subscription_type) VALUES (112, 63,'free');
INSERT INTO subscription3(channel_id,userID,subscription_type) VALUES (46, 136,'free');
INSERT INTO subscription3(channel_id,userID,subscription_type) VALUES (124, 62,'free');
INSERT INTO subscription3(channel_id,userID,subscription_type) VALUES (133, 44,'free');
INSERT INTO subscription3(channel_id,userID,subscription_type) VALUES (24, 165,'free');
INSERT INTO subscription3(channel_id,userID,subscription_type) VALUES (59, 135,'free');
INSERT INTO subscription3(channel_id,userID,subscription_type) VALUES (100, 68,'free');
INSERT INTO subscription3(channel_id,userID,subscription_type) VALUES (100, 167,'free');
INSERT INTO subscription3(channel_id,userID,subscription_type) VALUES (125, 36,'free');
INSERT INTO subscription3(channel_id,userID,subscription_type) VALUES (180, 120,'free');
INSERT INTO subscription3(channel_id,userID,subscription_type) VALUES (83, 44,'free');
INSERT INTO subscription3(channel_id,userID,subscription_type) VALUES (51, 148,'free');
INSERT INTO subscription3(channel_id,userID,subscription_type) VALUES (74, 155,'free');
INSERT INTO subscription3(channel_id,userID,subscription_type) VALUES (45, 167,'free');
INSERT INTO subscription3(channel_id,userID,subscription_type) VALUES (8, 67,'free');
INSERT INTO subscription3(channel_id,userID,subscription_type) VALUES (24, 134,'free');
INSERT INTO subscription3(channel_id,userID,subscription_type) VALUES (36, 46,'free');
INSERT INTO subscription3(channel_id,userID,subscription_type) VALUES (40, 113,'free');
INSERT INTO subscription3(channel_id,userID,subscription_type) VALUES (136, 113,'free');
INSERT INTO subscription3(channel_id,userID,subscription_type) VALUES (102, 90,'free');
INSERT INTO subscription3(channel_id,userID,subscription_type) VALUES (177, 150,'free');
INSERT INTO subscription3(channel_id,userID,subscription_type) VALUES (61, 19,'free');
INSERT INTO subscription3(channel_id,userID,subscription_type) VALUES (178, 33,'free');

SELECT channel_id,count(*) FROM subscription3  where subscription_type like'paid' group by channel_id;

SELECT u.username  as "username",
       u.email as "email",
       (SELECT count(*) FROM subscription3 where channel_id = c.channel_id)
                as "sub count",
       c.channel_name  as "channel_name"
from subscription3 s
         join  Channel3 c on s.channel_id = c.channel_id
         join Usertable3 u on c.userID = u.userID
where c.created_at = '01-Jan-2023'
  and s.subscription_type like 'paid'
group by c.channel_id, c.channel_name, u.username, u.email
having count(*) >= 100;

--This SQL query retrieves the usernames, emails, subscription counts, and channel names for all users who have subscribed to channels that meet certain conditions. Specifically, it selects users who have subscribed to channels that were created on January 1, 2023, and have at least 100 paid subscribers.
